地名,センター（center.csvを使わない場合は空白化）,資源,燃やすごみ,金属・陶器・ガラスごみ
あ:愛住町,新宿東清掃センター,木,火 金,土2 土4
あ:赤城下町,新宿東清掃センター,火,月 木,水1 水3
あ:赤城元町,新宿東清掃センター,火,月 木,水1 水3
あ:揚場町,新宿東清掃センター,土,月 木,水2 水4
あ:荒木町（21から23番地）,新宿東清掃センター,木,火 金,土2 土4
あ:荒木町（21から23番地を除く）,新宿東清掃センター,木,火 金,月2 月4
い:市谷加賀町1・2丁目,新宿東清掃センター,土,月 木,金2 金4
い:市谷甲良町,新宿東清掃センター,土,月 木,金2 金4
い:市谷砂土原町1から3丁目,新宿東清掃センター,土,月 木,金2 金4
い:市谷左内町,新宿東清掃センター,木,火 金,月2 月4
い:市谷鷹匠町,新宿東清掃センター,土,月 木,金2 金4
い:市谷田町1丁目,新宿東清掃センター,木,火 金,月2 月4
い:市谷田町2・3丁目,新宿東清掃センター,土,月 木,金2 金4
い:市谷台町（1、3、5、7、9、11、13番）,新宿東清掃センター,金,水 土,火2 火4
い:市谷台町（1、3、5、7、9、11、13番を除く）,新宿東清掃センター,金,水 土,木2 木4
い:市谷長延寺町,新宿東清掃センター,木,火 金,月2 月4
い:市谷仲之町,新宿東清掃センター,金,水 土,火2 火4
い:市谷八幡町,新宿東清掃センター,木,火 金,月2 月4
い:市谷船河原町（1、3から8、12、14番地）,新宿東清掃センター,土,月 木,金2 金4
い:市谷船河原町（1、3から8、12、14番地を除く）,新宿東清掃センター,土,月 木,水2 水4
い:市谷本村町,新宿東清掃センター,木,火 金,月2 月4
い:市谷薬王寺町（1から15番）,新宿東清掃センター,月,水 土,火1 火3
い:市谷薬王寺町（1から15番を除く）,新宿東清掃センター,金,水 土,火2 火4
い:市谷柳町（1から7、45、46、48から50番地、47番地の一部）,新宿東清掃センター,火,月 木,金1 金3
い:市谷柳町（8から11、23から35番地）,新宿東清掃センター,月,水 土,火1 火3
い:市谷柳町（15から22、37から43番地）,新宿東清掃センター,金,水 土,火2 火4
い:市谷柳町（47番地の一部）,新宿東清掃センター,月,水 土,木1 木3
い:市谷山伏町,新宿東清掃センター,火,月 木,金1 金3
い:岩戸町（1から8番地、25から27番地）,新宿東清掃センター,火,月 木,金1 金3
い:岩戸町（9、11から23番地、10番地の一部）,新宿東清掃センター,土,月 木,水2 水4
い:岩戸町（10番地の一部）,新宿東清掃センター,土,月 木,金2 金4
え:榎町（79番地）,新宿東清掃センター,月,水 土,火1 火3
え:榎町（79番地を除く）,新宿東清掃センター,火,月 木,金1 金3
お:大久保1丁目,歌舞伎町清掃センター,土,火 金,木1 木3
お:大久保2・3丁目,新宿清掃事務所,木,火 金,月1 月3
か:改代町,新宿東清掃センター,火,月 木,水1 水3
か:神楽河岸,新宿東清掃センター,土,月 木,水2 水4
か:神楽坂1から4丁目,新宿東清掃センター,土,月 木,水2 水4
か:神楽坂5丁目（21から24番地）,新宿東清掃センター,火,月 木,金1 金3
か:神楽坂5丁目（21から24番地を除く）,新宿東清掃センター,土,月 木,水2 水4
か:神楽坂6丁目（2から39番地）,新宿東清掃センター,火,月 木,水1 水3
か:神楽坂6丁目（2から39番地を除く）,新宿東清掃センター,火,月 木,金1 金3
か:霞ヶ丘町,新宿東清掃センター,水,火 金,月1 月3
か:片町（5番、8番）,新宿東清掃センター,金,水 土,火2 火4
か:片町（5番、8番を除く）,新宿東清掃センター,木,火 金,月2 月4
か:歌舞伎町1・2丁目,歌舞伎町清掃センター,*,*,*
か:上落合1丁目,新宿清掃事務所,月,水 土,木2 木4
か:上落合2・3丁目,新宿清掃事務所,月,水 土,火1 火3
か:河田町,新宿東清掃センター,金,水 土,火2 火4
き:喜久井町,新宿東清掃センター,月,水 土,木1 木3
き:北新宿1丁目,歌舞伎町清掃センター,火,月 木,土2 土4
き:北新宿2丁目,歌舞伎町清掃センター,月,水 土,木2 木4
き:北新宿3丁目,歌舞伎町清掃センター,月,水 土,金2 金4
き:北新宿4丁目,新宿清掃事務所,月,水 土,木2 木4
き:北町（1から40番地、41番地の一部）,新宿東清掃センター,土,月 木,金2 金4
き:北町（41番地の一部）,新宿東清掃センター,土,月 木,水2 水4
き:北山伏町,新宿東清掃センター,火,月 木,金1 金3
さ:細工町,新宿東清掃センター,土,月 木,金2 金4
さ:左門町（1・2番地、6から12番地、16から20番地）,新宿東清掃センター,水,火 金,月1 月3
さ:左門町（1・2番地、6から12番地、16から20番地を除く）,新宿東清掃センター,水,火 金,土1 土3
し:信濃町（12から34番地）,新宿東清掃センター,水,火 金,月1 月3
し:信濃町（12から34番地を除く）,新宿東清掃センター,水,火 金,土1 土3
し:下落合1丁目,新宿清掃事務所,金,水 土,木1 木3
し:下落合2から4丁目,新宿清掃事務所,火,月 木,水2 水4
し:下宮比町,新宿東清掃センター,土,月 木,水2 水4
し:白銀町（12から18番地）,新宿東清掃センター,土,月 木,水2 水4
し:白銀町（12から18番地を除く）,新宿東清掃センター,火,月 木,水1 水3
し:新小川町,新宿東清掃センター,土,月 木,水2 水4
し:新宿1丁目,新宿東清掃センター,水,火 金,土1 土3
し:新宿2丁目,新宿東清掃センター,水,火 金,土2 土4
し:新宿3丁目,歌舞伎町清掃センター,*,*,*
し:新宿4丁目,歌舞伎町清掃センター,金,*,*
し:新宿5丁目（1から16番）,歌舞伎町清掃センター,水,火 金,月1 月3
し:新宿5丁目（17番、18番）,歌舞伎町清掃センター,*,*,*
し:新宿6から7丁目,歌舞伎町清掃センター,水,火 金,月2 月4
す:水道町,新宿東清掃センター,火,月 木,水1 水3
す:須賀町,新宿東清掃センター,水,火 金,月1 月3
す:住吉町（1、2番）,新宿東清掃センター,木,火 金,土2 土4
す:住吉町（3・4番）,新宿東清掃センター,金,水 土,木2 木4
す:住吉町（5から15番）,新宿東清掃センター,金,水 土,火2 火4
た:大京町,新宿東清掃センター,水,火 金,土1 土3
た:高田馬場1・2丁目,新宿清掃事務所,木,火 金,月2 月4
た:高田馬場3・4丁目,新宿清掃事務所,金,水 土,火2 火4
た:箪笥町（1から32番地）,新宿東清掃センター,火,月 木,金1 金3
た:箪笥町（33から43番地、44番地の一部）,新宿東清掃センター,土,月 木,金2 金4
た:箪笥町（44番地の一部）,新宿東清掃センター,土,月 木,水2 水4
つ:築地町,新宿東清掃センター,火,月 木,水1 水3
つ:津久戸町,新宿東清掃センター,土,月 木,水2 水4
つ:筑土八幡町（1番）,新宿東清掃センター,土,月 木,水2 水4
つ:筑土八幡町（上記を除く）,新宿東清掃センター,火,月 木,水1 水3
て:天神町（63から85番地）,新宿東清掃センター,火,月 木,金1 金3
て:天神町（63から85番地を除く）,新宿東清掃センター,火,月 木,水1 水3
と:戸塚町1丁目,新宿清掃事務所,水,火 金,土2 土4
と:富久町（8、9番）,新宿東清掃センター,木,火 金,土2 土4
と:富久町（8、9番を除く）,新宿東清掃センター,金,水 土,木2 木4
と:戸山1・3丁目,新宿清掃事務所,水,火 金,土2 土4
と:戸山2丁目,新宿清掃事務所,木,火 金,月2 月4
な:内藤町,新宿東清掃センター,木,火 金,土2 土4
な:中井1・2丁目,新宿清掃事務所,月,水 土,火1 火3
な:中落合1から2丁目,新宿清掃事務所,火,月 木,金1 金3
な:中落合3丁目,新宿清掃事務所,土,月 木,金1 金3
な:中落合4丁目,新宿清掃事務所,土,月 木,水1 水3
な:中里町,新宿東清掃センター,火,月 木,水1 水3
な:中町,新宿東清掃センター,土,月 木,金2 金4
な:納戸町,新宿東清掃センター,土,月 木,金2 金4
に:西落合1丁目,新宿清掃事務所,土,月 木,水1 水3
に:西落合2から4丁目,新宿清掃事務所,土,月 木,金2 金4
に:西五軒町,新宿東清掃センター,火,月 木,水1 水3
に:西新宿1丁目,歌舞伎町清掃センター,*,*,*
に:西新宿2・3丁目,歌舞伎町清掃センター,木,水 土,月1 月3
に:西新宿4丁目,歌舞伎町清掃センター,木,水 土,金1 金3
に:西新宿5丁目,歌舞伎町清掃センター,月,水 土,木2 木4
に:西新宿6丁目,歌舞伎町清掃センター,土,月 木,水1 水3
に:西新宿7から8丁目,歌舞伎町清掃センター,火,月 木,水2 水4
に:西早稲田1・3丁目,新宿清掃事務所,水,火 金,土1 土3
に:西早稲田2丁目,新宿清掃事務所,水,火 金,土2 土4
に:二十騎町,新宿東清掃センター,土,月 木,金2 金4
は:払方町,新宿東清掃センター,土,月 木,金2 金4
は:原町1丁目（14から17番地）,新宿東清掃センター,金,水 土,火2 火4
は:原町1丁目（14から17番地を除く）,新宿東清掃センター,月,水 土,木1 木3
は:原町2丁目（1から8番地の一部、9から12、30から43番地）,新宿東清掃センター,金,水 土,火2 火4
は:原町2丁目（1から8番地の一部、9から12、30から43番地を除く）,新宿東清掃センター,月,水 土,木1 木3
は:原町3丁目（1から9、84から89番地）,新宿東清掃センター,金,水 土,火2 火4
は:原町3丁目（1から9、84から89番地を除く）,新宿東清掃センター,月,水 土,木1 木3
は:馬場下町（60から63番地）,新宿東清掃センター,月,水 土,火1 火3
は:馬場下町（60から63番地を除く）,新宿東清掃センター,月,水 土,木1 木3
ひ:東榎町,新宿東清掃センター,火,月 木,金1 金3
ひ:東五軒町,新宿東清掃センター,火,月 木,水1 水3
ひ:百人町1丁目,歌舞伎町清掃センター,金,月 木,土1 土3
ひ:百人町2丁目,歌舞伎町清掃センター,土,火 金,水1 水3
ひ:百人町3・4丁目,新宿清掃事務所,金,水 土,木1 木3
ふ:袋町,新宿東清掃センター,土,月 木,水2 水4
ふ:舟町（1から6番地）,新宿東清掃センター,木,火 金,月2 月4
ふ:舟町（1から6番地を除く）,新宿東清掃センター,木,火 金,土2 土4
へ:弁天町（1から30番地、106から176番地）,新宿東清掃センター,月,水 土,木1 木3
へ:弁天町（32から105番地）,新宿東清掃センター,火,月 木,金1 金3
へ:弁天町（177・178番地）,新宿東清掃センター,月,水 土,火1 火3
み:南町,新宿東清掃センター,土,月 木,金2 金4
み:南榎町,新宿東清掃センター,火,月 木,金1 金3
み:南元町,新宿東清掃センター,水,火 金,月1 月3
み:南山伏町,新宿東清掃センター,土,月 木,金2 金4
や:山吹町（1、11から21、81から131、291、331番地）,新宿東清掃センター,火,月 木,金1 金3
や:山吹町（4から7、258から270、293から318番地）,新宿東清掃センター,火,月 木,水1 水3
や:山吹町（332から366番地）,新宿東清掃センター,月,水 土,火1 火3
や:矢来町（1から111番地）,新宿東清掃センター,火,月 木,金1 金3
や:矢来町（1から111番地を除く）,新宿東清掃センター,火,月 木,水1 水3
よ:横寺町,新宿東清掃センター,火,月 木,金1 金3
よ:余丁町（1から6番）,新宿東清掃センター,金,水 土,木2 木4
よ:余丁町（1から6番を除く）,新宿東清掃センター,金,水 土,火2 火4
よ:四谷1丁目（1、2番地、6番、9から18番地）,新宿東清掃センター,水,火 金,月1 月3
よ:四谷1丁目（1、2番地、6番、9から18番地を除く）,新宿東清掃センター,木,火 金,月2 月4
よ:四谷2丁目（1、4から8、11、14番地）,新宿東清掃センター,水,火 金,月1 月3
よ:四谷2丁目（1、4から8、11、14番地を除く）,新宿東清掃センター,木,火 金,月2 月4
よ:四谷3丁目（1、4、5、8番地）,新宿東清掃センター,水,火 金,月1 月3
よ:四谷3丁目（2、3、6、7番地）,新宿東清掃センター,木,火 金,月2 月4
よ:四谷3丁目（9、12、13番地）,新宿東清掃センター,水,火 金,土1 土3
よ:四谷3丁目（10、11、14番地）,新宿東清掃センター,木,火 金,土2 土4
よ:四谷4丁目（1、4から7番地、25から32番地、33、34番地の一部）,新宿東清掃センター,水,火 金,土1 土3
よ:四谷4丁目（2、3、8から24番地、33、34番地の一部）,新宿東清掃センター,木,火 金,土2 土4
よ:四谷坂町,新宿東清掃センター,木,火 金,月2 月4
よ:四谷三栄町,新宿東清掃センター,木,火 金,月2 月4
よ:四谷本塩町,新宿東清掃センター,木,火 金,月2 月4
わ:若葉1から3丁目,新宿東清掃センター,水,火 金,月1 月3
わ:若松町（1から9番）,新宿東清掃センター,金,水 土,火2 火4
わ:若松町（1から9番を除く）,新宿東清掃センター,月,水 土,木1 木3
わ:若宮町,新宿東清掃センター,土,月 木,水2 水4
わ:早稲田町（5、9から12、27番地）,新宿東清掃センター,月,水 土,木1 木3
わ:早稲田町（5、9から12、27番地を除く）,新宿東清掃センター,月,水 土,火1 火3
わ:早稲田鶴巻町（545、546番地）,新宿東清掃センター,火,月 木,金1 金3
わ:早稲田鶴巻町（545、546番地を除く）,新宿東清掃センター,月,水 土,火1 火3
わ:早稲田南町,新宿東清掃センター,月,水 土,木1 木3
